{"cameraMode":{"drawMode":0,"name":"Shaded","section":"Shading Mode"},"sceneLighting":true,"audioPlay":false,"sceneViewState":{"showFog":true,"showMaterialUpdate":false,"showSkybox":true,"showFlares":true,"showImageEffects":true,"showParticleSystems":true},"in2DMode":false,"pivot":{"x":-29.65142822265625,"y":-93.77731323242188,"z":-15.108261108398438},"rotation":{"x":0.08401346206665039,"y":-0.9091856479644775,"z":0.3406642973423004,"w":0.22422480583190919},"size":614.6232299804688,"orthographic":false}