{"cameraMode":{"drawMode":0,"name":"Shaded","section":"Shading Mode"},"sceneLighting":true,"audioPlay":false,"sceneViewState":{"showFog":true,"showMaterialUpdate":false,"showSkybox":true,"showFlares":true,"showImageEffects":true,"showParticleSystems":true},"in2DMode":false,"pivot":{"x":89.3731689453125,"y":-181.51852416992188,"z":454.07110595703127},"rotation":{"x":-0.2374214231967926,"y":0.2158326804637909,"z":-0.054197657853364947,"w":-0.9455850124359131},"size":1135.6708984375,"orthographic":false}